ID,LOGIN,REPO,FIRSTSEEN,ISFIRSTCONTRIBUTION
1,cmgustavo,angular-bitcore-wallet-client,UNKNOWN,0
2,matiu,angular-bitcore-wallet-client,UNKNOWN,0
3,alexlyp,angular-bitcore-wallet-client,UNKNOWN,0
4,jrick,atomicswap,UNKNOWN,0
5,dajohi,atomicswap,UNKNOWN,0
6,DesWurstes,atomicswap,UNKNOWN,0
7,devwarrior777,atomicswap,UNKNOWN,0
8,alexlyp,atomicswap,UNKNOWN,0
9,deannolan,atomicswap,UNKNOWN,0
10,GlenDC,atomicswap,UNKNOWN,0
11,metalicjames,atomicswap,UNKNOWN,0
12,LiteBit,atomicswap,UNKNOWN,0
13,eabz,atomicswap,UNKNOWN,0
14,dasource,atomicswap,UNKNOWN,0
15,dunkthelunk,atomicswap,UNKNOWN,0
16,hypernoob,atomicswap,UNKNOWN,0
17,romanornr,atomicswap,UNKNOWN,0
18,tecnovert,atomicswap,UNKNOWN,0
19,wakiyamap,atomicswap,UNKNOWN,0
20,dajohi,base58,UNKNOWN,0
21,jrick,base58,UNKNOWN,0
22,markusrichter,base58,UNKNOWN,0
23,jolan,base58,UNKNOWN,0
24,maraoz,bitcore,UNKNOWN,0
25,chjj,bitcore,UNKNOWN,0
26,matiu,bitcore,UNKNOWN,0
27,gasteve,bitcore,UNKNOWN,0
28,olalonde,bitcore,UNKNOWN,0
29,bookchin,bitcore,UNKNOWN,0
30,eordano,bitcore,UNKNOWN,0
31,bitjson,bitcore,UNKNOWN,0
32,yemel,bitcore,UNKNOWN,0
33,martindale,bitcore,UNKNOWN,0
34,devrandom,bitcore,UNKNOWN,0
35,sagivo,bitcore,UNKNOWN,0
36,dajohi,bitcore,UNKNOWN,0
37,rubensayshi,bitcore,UNKNOWN,0
38,dthorpe,bitcore,UNKNOWN,0
39,felipecsl,bitcore,UNKNOWN,0
40,ethers,bitcore,UNKNOWN,0
41,kyledrake,bitcore,UNKNOWN,0
42,manan19,bitcore,UNKNOWN,0
43,trapp,bitcore,UNKNOWN,0
44,SomeoneWeird,bitcore,UNKNOWN,0
45,bitdeli-chef,bitcore,UNKNOWN,0
46,cmgustavo,bitcore,UNKNOWN,0
47,heath,bitcore,UNKNOWN,0
48,lukem512,bitcore,UNKNOWN,0
49,ryanxcharles,bitcore,UNKNOWN,0
50,cimm,bitcore,UNKNOWN,0
51,yangit,bitcore,UNKNOWN,0
52,porkchop,bitcore,UNKNOWN,0
53,Aaron1011,bitcore,UNKNOWN,0
54,alexlyp,bitcore,UNKNOWN,0
55,aalness,bitcore,UNKNOWN,0
56,mayhemm,bitcore,UNKNOWN,0
57,isocolsky,bitcore,UNKNOWN,0
58,ouziel-slama,bitcore,UNKNOWN,0
59,jcvernaleo,bitcore,UNKNOWN,0
60,LinusU,bitcore,UNKNOWN,0
61,maran,bitcore,UNKNOWN,0
62,colcodev,bitcore,UNKNOWN,0
63,mbelshe,bitcore,UNKNOWN,0
64,askmike,bitcore,UNKNOWN,0
65,petrosagg,bitcore,UNKNOWN,0
66,rapodaca,bitcore,UNKNOWN,0
67,ionux,bitcore,UNKNOWN,0
68,himynameismartin,bitcore,UNKNOWN,0
69,lazaruslarue,bitcore,UNKNOWN,0
70,ralphtheninja,bitcore,UNKNOWN,0
71,shea256,bitcore,UNKNOWN,0
72,bobofzhang,bitcore,UNKNOWN,0
73,maraoz,bitcore-lib,UNKNOWN,0
74,eordano,bitcore-lib,UNKNOWN,0
75,chjj,bitcore-lib,UNKNOWN,0
76,matiu,bitcore-lib,UNKNOWN,0
77,yemel,bitcore-lib,UNKNOWN,0
78,gasteve,bitcore-lib,UNKNOWN,0
79,ryanxcharles,bitcore-lib,UNKNOWN,0
80,martindale,bitcore-lib,UNKNOWN,0
81,olalonde,bitcore-lib,UNKNOWN,0
82,pnagurny,bitcore-lib,UNKNOWN,0
83,dskloet,bitcore-lib,UNKNOWN,0
84,bookchin,bitcore-lib,UNKNOWN,0
85,bitjson,bitcore-lib,UNKNOWN,0
86,rubensayshi,bitcore-lib,UNKNOWN,0
87,throughnothing,bitcore-lib,UNKNOWN,0
88,thofmann,bitcore-lib,UNKNOWN,0
89,braydonf,bitcore-lib,UNKNOWN,0
90,fanatid,bitcore-lib,UNKNOWN,0
91,marianorod,bitcore-lib,UNKNOWN,0
92,devrandom,bitcore-lib,UNKNOWN,0
93,brandonrobertz,bitcore-lib,UNKNOWN,0
94,sagivo,bitcore-lib,UNKNOWN,0
95,dthorpe,bitcore-lib,UNKNOWN,0
96,carnesen,bitcore-lib,UNKNOWN,0
97,isocolsky,bitcore-lib,UNKNOWN,0
98,zmanian,bitcore-lib,UNKNOWN,0
99,ethers,bitcore-lib,UNKNOWN,0
100,himynameismartin,bitcore-lib,UNKNOWN,0
101,kyledrake,bitcore-lib,UNKNOWN,0
102,manan19,bitcore-lib,UNKNOWN,0
103,trapp,bitcore-lib,UNKNOWN,0
104,SomeoneWeird,bitcore-lib,UNKNOWN,0
105,bitdeli-chef,bitcore-lib,UNKNOWN,0
106,elichai,bitcore-lib,UNKNOWN,0
107,cmgustavo,bitcore-lib,UNKNOWN,0
108,cimm,bitcore-lib,UNKNOWN,0
109,bip32JP,bitcore-lib,UNKNOWN,0
110,mruddy,bitcore-lib,UNKNOWN,0
111,yangit,bitcore-lib,UNKNOWN,0
112,gjaldon,bitcore-lib,UNKNOWN,0
113,porkchop,bitcore-lib,UNKNOWN,0
114,Aaron1011,bitcore-lib,UNKNOWN,0
115,aalness,bitcore-lib,UNKNOWN,0
116,dcousens,bitcore-lib,UNKNOWN,0
117,mayhemm,bitcore-lib,UNKNOWN,0
118,ouziel-slama,bitcore-lib,UNKNOWN,0
119,jcvernaleo,bitcore-lib,UNKNOWN,0
120,LinusU,bitcore-lib,UNKNOWN,0
121,maran,bitcore-lib,UNKNOWN,0
122,colcodev,bitcore-lib,UNKNOWN,0
123,stormasm,bitcore-lib,UNKNOWN,0
124,mbelshe,bitcore-lib,UNKNOWN,0
125,askmike,bitcore-lib,UNKNOWN,0
126,nathanph,bitcore-lib,UNKNOWN,0
127,petertodd,bitcore-lib,UNKNOWN,0
128,petrosagg,bitcore-lib,UNKNOWN,0
129,rapodaca,bitcore-lib,UNKNOWN,0
130,ionux,bitcore-lib,UNKNOWN,0
131,unusualbob,bitcore-lib,UNKNOWN,0
132,mpolci,bitcore-lib,UNKNOWN,0
133,lazaruslarue,bitcore-lib,UNKNOWN,0
134,ralphtheninja,bitcore-lib,UNKNOWN,0
135,shea256,bitcore-lib,UNKNOWN,0
136,bobofzhang,bitcore-lib,UNKNOWN,0
137,yemel,bitcore-mnemonic,UNKNOWN,0
138,maraoz,bitcore-mnemonic,UNKNOWN,0
139,eordano,bitcore-mnemonic,UNKNOWN,0
140,dabura667,bitcore-mnemonic,UNKNOWN,0
141,matiu,bitcore-mnemonic,UNKNOWN,0
142,alexlyp,bitcore-mnemonic,UNKNOWN,0
143,mi-ro,bitcore-mnemonic,UNKNOWN,0
144,rubensayshi,bitcore-mnemonic,UNKNOWN,0
145,braydonf,bitcore-mnemonic,UNKNOWN,0
146,jcvernaleo,bitcore-mnemonic,UNKNOWN,0
147,matiu,bitcore-wallet,UNKNOWN,0
148,isocolsky,bitcore-wallet,UNKNOWN,0
149,cmgustavo,bitcore-wallet,UNKNOWN,0
150,gabegattis,bitcore-wallet,UNKNOWN,0
151,maraoz,bitcore-wallet,UNKNOWN,0
152,matiu,bitcore-wallet-client,UNKNOWN,0
153,isocolsky,bitcore-wallet-client,UNKNOWN,0
154,cmgustavo,bitcore-wallet-client,UNKNOWN,0
155,alexlyp,bitcore-wallet-client,UNKNOWN,0
156,troggy,bitcore-wallet-client,UNKNOWN,0
157,EricLarch,bitcore-wallet-client,UNKNOWN,0
158,JDonadio,bitcore-wallet-client,UNKNOWN,0
159,gabegattis,bitcore-wallet-client,UNKNOWN,0
160,kaibakker,bitcore-wallet-client,UNKNOWN,0
161,maraoz,bitcore-wallet-client,UNKNOWN,0
162,matiaspando,bitcore-wallet-client,UNKNOWN,0
163,peterzen,bitcore-wallet-client,UNKNOWN,0
164,dabura667,bitcore-wallet-client,UNKNOWN,0
165,isocolsky,bitcore-wallet-service,UNKNOWN,0
166,matiu,bitcore-wallet-service,UNKNOWN,0
167,cmgustavo,bitcore-wallet-service,UNKNOWN,0
168,alexlyp,bitcore-wallet-service,UNKNOWN,0
169,troggy,bitcore-wallet-service,UNKNOWN,0
170,peterzen,bitcore-wallet-service,UNKNOWN,0
171,rajeshjayaraman,bitcore-wallet-service,UNKNOWN,0
172,dabura667,bitcore-wallet-service,UNKNOWN,0
173,matiaspando,bitcore-wallet-service,UNKNOWN,0
174,thesoftwarejedi,bitcore-wallet-service,UNKNOWN,0
175,dawsbot,bitcore-wallet-service,UNKNOWN,0
176,martindale,bitcore-wallet-service,UNKNOWN,0
177,gabegattis,bitcore-wallet-service,UNKNOWN,0
178,bitjson,bitcore-wallet-service,UNKNOWN,0
179,Kirvx,bitcore-wallet-service,UNKNOWN,0
180,maraoz,bitcore-wallet-service,UNKNOWN,0
181,VoR0220,bitcore-wallet-service,UNKNOWN,0
182,matiu,bitcore-wallet-utils,UNKNOWN,0
183,isocolsky,bitcore-wallet-utils,UNKNOWN,0
184,troggy,bitcore-wallet-utils,UNKNOWN,0
185,alexlyp,bitcore-wallet-utils,UNKNOWN,0
186,matiaspando,bitcore-wallet-utils,UNKNOWN,0
187,gabegattis,bitcore-wallet-utils,UNKNOWN,0
188,cmgustavo,bitcore-wallet-utils,UNKNOWN,0
189,maraoz,bitcore-wallet-utils,UNKNOWN,0
190,jrick,bitset,UNKNOWN,0
191,davecgh,bitset,UNKNOWN,0
192,jcvernaleo,bitset,UNKNOWN,0
193,tpruvot,ccminer,UNKNOWN,0
194,cbuchner1,ccminer,UNKNOWN,0
195,KlausT,ccminer,UNKNOWN,0
196,sp-hash,ccminer,UNKNOWN,0
197,jcvernaleo,ccminer,UNKNOWN,0
198,jolan,ccminer,UNKNOWN,0
199,erkmos,ccminer,UNKNOWN,0
200,alexis78,ccminer,UNKNOWN,0
201,djm34,ccminer,UNKNOWN,0
202,pallas1,ccminer,UNKNOWN,0
203,xCoreDev,ccminer,UNKNOWN,0
204,ckolivas,cgminer,UNKNOWN,0
205,kanoi,cgminer,UNKNOWN,0
206,luke-jr,cgminer,UNKNOWN,0
207,pshep,cgminer,UNKNOWN,0
208,nelisky,cgminer,UNKNOWN,0
209,denis2342,cgminer,UNKNOWN,0
210,ycros,cgminer,UNKNOWN,0
211,xiangfu,cgminer,UNKNOWN,0
212,someone42,cgminer,UNKNOWN,0
213,jcvernaleo,cgminer,UNKNOWN,0
214,rustyrussell,cgminer,UNKNOWN,0
215,chappjc,cgminer,UNKNOWN,0
216,setkeh,cgminer,UNKNOWN,0
217,gzm55,cgminer,UNKNOWN,0
218,dvitas,cgminer,UNKNOWN,0
219,fleger,cgminer,UNKNOWN,0
220,nushor,cgminer,UNKNOWN,0
221,cjepson,cgminer,UNKNOWN,0
222,Kovensky,cgminer,UNKNOWN,0
223,hno,cgminer,UNKNOWN,0
224,roybadami,cgminer,UNKNOWN,0
225,geekmug,cgminer,UNKNOWN,0
226,kr105,cgminer,UNKNOWN,0
227,chrissicool,cgminer,UNKNOWN,0
228,chromicant,cgminer,UNKNOWN,0
229,JesseMoll,cgminer,UNKNOWN,0
230,zenwheel,cgminer,UNKNOWN,0
231,OhGodAPet,cgminer,UNKNOWN,0
232,zefir-k,cgminer,UNKNOWN,0
233,hocuscapocus,cgminer,UNKNOWN,0
234,CyberLeo,cgminer,UNKNOWN,0
235,davecgh,cgminer,UNKNOWN,0
236,EskimoBob,cgminer,UNKNOWN,0
237,forrestv,cgminer,UNKNOWN,0
238,cradle,cgminer,UNKNOWN,0
239,LiveJay,cgminer,UNKNOWN,0
240,mfontani,cgminer,UNKNOWN,0
241,mibe,cgminer,UNKNOWN,0
242,lano1106,cgminer,UNKNOWN,0
243,Phraust,cgminer,UNKNOWN,0
244,Raulo,cgminer,UNKNOWN,0
245,ohhmm,cgminer,UNKNOWN,0
246,tpruvot,cgminer,UNKNOWN,0
247,trini,cgminer,UNKNOWN,0
248,Tydus,cgminer,UNKNOWN,0
249,drizzt,cgminer,UNKNOWN,0
250,jolan,cgminer,UNKNOWN,0
251,mhren,cgminer,UNKNOWN,0
252,holymonson,cgminer,UNKNOWN,0
253,p2k,cgminer,UNKNOWN,0
254,sharky112065,cgminer,UNKNOWN,0
255,sndurkin,contractor-mgmt,UNKNOWN,0
256,cmgustavo,copay,UNKNOWN,0
257,matiu,copay,UNKNOWN,0
258,gabrielbazan7,copay,UNKNOWN,0
259,JDonadio,copay,UNKNOWN,0
260,maraoz,copay,UNKNOWN,0
261,bechi,copay,UNKNOWN,0
262,bitjson,copay,UNKNOWN,0
263,isocolsky,copay,UNKNOWN,0
264,colcodev,copay,UNKNOWN,0
265,jamal-jackson,copay,UNKNOWN,0
266,yemel,copay,UNKNOWN,0
267,chjj,copay,UNKNOWN,0
268,msalcala11,copay,UNKNOWN,0
269,eordano,copay,UNKNOWN,0
270,Kirvx,copay,UNKNOWN,0
271,dabura667,copay,UNKNOWN,0
272,matiaspando,copay,UNKNOWN,0
273,ssotomayor,copay,UNKNOWN,0
274,marianorod,copay,UNKNOWN,0
275,troggy,copay,UNKNOWN,0
276,nacardin,copay,UNKNOWN,0
277,ionux,copay,UNKNOWN,0
278,dthorpe,copay,UNKNOWN,0
279,EricLarch,copay,UNKNOWN,0
280,bitpayalan,copay,UNKNOWN,0
281,Aclay16,copay,UNKNOWN,0
282,bookchin,copay,UNKNOWN,0
283,saschad,copay,UNKNOWN,0
284,jzbz,copay,UNKNOWN,0
285,mpolci,copay,UNKNOWN,0
286,homeopatchy,copay,UNKNOWN,0
287,robjohnson189,copay,UNKNOWN,0
288,Derek701,copay,UNKNOWN,0
289,jlopp,copay,UNKNOWN,0
290,wallclockbuilder,copay,UNKNOWN,0
291,tuladhar,copay,UNKNOWN,0
292,sdobz,copay,UNKNOWN,0
293,antonio-fr,copay,UNKNOWN,0
294,bip32JP,copay,UNKNOWN,0
295,jameswalpole,copay,UNKNOWN,0
296,karel-3d,copay,UNKNOWN,0
297,JohnEz,copay,UNKNOWN,0
298,braydonf,copay,UNKNOWN,0
299,djmbritt,copay,UNKNOWN,0
300,martindale,copay,UNKNOWN,0
301,narrative,copay,UNKNOWN,0
302,heisler3030,copay,UNKNOWN,0
303,bektar,copay,UNKNOWN,0
304,kaibakker,copay,UNKNOWN,0
305,waffle-iron,copay,UNKNOWN,0
306,michaeltrollan,copay,UNKNOWN,0
307,pmichelazzo,copay,UNKNOWN,0
308,pdehaan,copay,UNKNOWN,0
309,gasteve,copay,UNKNOWN,0
310,e5faf2,copay,UNKNOWN,0
311,annie246,copay,UNKNOWN,0
312,ethers,copay,UNKNOWN,0
313,paveljanik,copay,UNKNOWN,0
314,thomashaury,copay,UNKNOWN,0
315,dominictarr,crypto-browserify,UNKNOWN,0
316,calvinmetcalf,crypto-browserify,UNKNOWN,0
317,dcousens,crypto-browserify,UNKNOWN,0
318,legastero,crypto-browserify,UNKNOWN,0
319,CoderPuppy,crypto-browserify,UNKNOWN,0
320,lsegal,crypto-browserify,UNKNOWN,0
321,perezd,crypto-browserify,UNKNOWN,0
322,ForbesLindesay,crypto-browserify,UNKNOWN,0
323,plediii,crypto-browserify,UNKNOWN,0
324,tonistiigi,crypto-browserify,UNKNOWN,0
325,edef1c,crypto-browserify,UNKNOWN,0
326,sokra,crypto-browserify,UNKNOWN,0
327,zaach,crypto-browserify,UNKNOWN,0
328,awlayton,crypto-browserify,UNKNOWN,0
329,arturojain,crypto-browserify,UNKNOWN,0
330,ckaatz-here,crypto-browserify,UNKNOWN,0
331,facundoolano,crypto-browserify,UNKNOWN,0
332,jprichardson,crypto-browserify,UNKNOWN,0
333,kyledrake,crypto-browserify,UNKNOWN,0
334,mbrevoort,crypto-browserify,UNKNOWN,0
335,mosch,crypto-browserify,UNKNOWN,0
336,ralphtheninja,crypto-browserify,UNKNOWN,0
337,orangemug,crypto-browserify,UNKNOWN,0
338,jcvernaleo,crypto-js,UNKNOWN,0
339,davecgh,dcps,UNKNOWN,0
340,cubedro,dcr-netstats,UNKNOWN,0
341,dyrk,dcr-netstats,UNKNOWN,0
342,dajohi,dcr-netstats,UNKNOWN,0
343,frozeman,dcr-netstats,UNKNOWN,0
344,girino,dcr-netstats,UNKNOWN,0
345,alexlyp,dcr-netstats,UNKNOWN,0
346,jholdstock,dcr-netstats,UNKNOWN,0
347,jorisbontje,dcr-netstats,UNKNOWN,0
348,debris,dcr-netstats,UNKNOWN,0
349,jcvernaleo,dcraddrgen,UNKNOWN,0
350,cjepson,dcraddrgen,UNKNOWN,0
351,markusrichter,dcraddrgen,UNKNOWN,0
352,dajohi,dcraddrgen,UNKNOWN,0
353,frankbraun,dcraddrgen,UNKNOWN,0
354,jolan,dcraddrgen,UNKNOWN,0
355,Craig-Macomber,dcraddrgen,UNKNOWN,0
356,jzbz,dcraddrgen,UNKNOWN,0
357,teknico,dcraddrgen,UNKNOWN,0
358,C-ollins,dcrandroid,UNKNOWN,0
359,macsleven,dcrandroid,UNKNOWN,0
360,SergeyMikhlevskiy,dcrandroid,UNKNOWN,0
361,the-wunmi,dcrandroid,UNKNOWN,0
362,afomic,dcrandroid,UNKNOWN,0
363,raedah,dcrandroid,UNKNOWN,0
364,dajohi,dcrandroid,UNKNOWN,0
365,EvertonMelo,dcrandroid,UNKNOWN,0
366,davecgh,dcrd,UNKNOWN,0
367,dajohi,dcrd,UNKNOWN,0
368,jrick,dcrd,UNKNOWN,0
369,jcvernaleo,dcrd,UNKNOWN,0
370,cjepson,dcrd,UNKNOWN,0
371,dnldd,dcrd,UNKNOWN,0
372,alexlyp,dcrd,UNKNOWN,0
373,drahn,dcrd,UNKNOWN,0
374,Roasbeef,dcrd,UNKNOWN,0
375,tuxcanfly,dcrd,UNKNOWN,0
376,jolan,dcrd,UNKNOWN,0
377,markusrichter,dcrd,UNKNOWN,0
378,flammit,dcrd,UNKNOWN,0
379,marcopeereboom,dcrd,UNKNOWN,0
380,jongillham,dcrd,UNKNOWN,0
381,wallclockbuilder,dcrd,UNKNOWN,0
382,chappjc,dcrd,UNKNOWN,0
383,owainga,dcrd,UNKNOWN,0
384,jimmysong,dcrd,UNKNOWN,0
385,tsenart,dcrd,UNKNOWN,0
386,Dirbaio,dcrd,UNKNOWN,0
387,kargakis,dcrd,UNKNOWN,0
388,aakselrod,dcrd,UNKNOWN,0
389,matheusd,dcrd,UNKNOWN,0
390,hypernoob,dcrd,UNKNOWN,0
391,RogueElement,dcrd,UNKNOWN,0
392,jpz,dcrd,UNKNOWN,0
393,tb00,dcrd,UNKNOWN,0
394,JFixby,dcrd,UNKNOWN,0
395,githubsands,dcrd,UNKNOWN,0
396,randomshinichi,dcrd,UNKNOWN,0
397,frankbraun,dcrd,UNKNOWN,0
398,jzbz,dcrd,UNKNOWN,0
399,runeaune,dcrd,UNKNOWN,0
400,toddfries,dcrd,UNKNOWN,0
401,waldyrious,dcrd,UNKNOWN,0
402,dan-da,dcrd,UNKNOWN,0
403,vctt94,dcrd,UNKNOWN,0
404,DanielKrawisz,dcrd,UNKNOWN,0
405,kLkA,dcrd,UNKNOWN,0
406,verokarhu,dcrd,UNKNOWN,0
407,bclermont,dcrd,UNKNOWN,0
408,chris-martin,dcrd,UNKNOWN,0
409,DanielTheSilly,dcrd,UNKNOWN,0
410,gsalgado,dcrd,UNKNOWN,0
411,ishbir,dcrd,UNKNOWN,0
412,jcmincke,dcrd,UNKNOWN,0
413,Kefkius,dcrd,UNKNOWN,0
414,stevenroose,dcrd,UNKNOWN,0
415,benma,dcrd,UNKNOWN,0
416,detailyang,dcrd,UNKNOWN,0
417,matadormel,dcrd,UNKNOWN,0
418,mischief,dcrd,UNKNOWN,0
419,orthomind,dcrd,UNKNOWN,0
420,martelletto,dcrd,UNKNOWN,0
421,apuigsech,dcrd,UNKNOWN,0
422,turboroot,dcrd,UNKNOWN,0
423,beldur,dcrd,UNKNOWN,0
424,lologarithm,dcrd,UNKNOWN,0
425,benhc123,dcrd,UNKNOWN,0
426,carryforward,dcrd,UNKNOWN,0
427,csmcanarney,dcrd,UNKNOWN,0
428,shphrd,dcrd,UNKNOWN,0
429,logicminds,dcrd,UNKNOWN,0
430,Reiuiji,dcrd,UNKNOWN,0
431,mvdan,dcrd,UNKNOWN,0
432,evansuva,dcrd,UNKNOWN,0
433,dskloetg,dcrd,UNKNOWN,0
434,federicobond,dcrd,UNKNOWN,0
435,haakonn,dcrd,UNKNOWN,0
436,hectorj,dcrd,UNKNOWN,0
437,ysangkok,dcrd,UNKNOWN,0
438,jyap808,dcrd,UNKNOWN,0
439,justusranvier,dcrd,UNKNOWN,0
440,maicalal,dcrd,UNKNOWN,0
441,mdempsky,dcrd,UNKNOWN,0
442,fanquake,dcrd,UNKNOWN,0
443,teknico,dcrd,UNKNOWN,0
444,oleganza,dcrd,UNKNOWN,0
445,peterzen,dcrd,UNKNOWN,0
446,SG-O,dcrd,UNKNOWN,0
447,samhattangady,dcrd,UNKNOWN,0
448,Sarlor,dcrd,UNKNOWN,0
449,micodon2k10,dcrd,UNKNOWN,0
450,yrashk,dcrd,UNKNOWN,0
451,atriviss,dcrd,UNKNOWN,0
452,drazisil,dcrd,UNKNOWN,0
453,dskloet,dcrd,UNKNOWN,0
454,ggoranov,dcrd,UNKNOWN,0
455,harzo,dcrd,UNKNOWN,0
456,jadeblaquiere,dcrd,UNKNOWN,0
457,ortutay,dcrd,UNKNOWN,0
458,qshuai,dcrd,UNKNOWN,0
459,raedah,dcrd,UNKNOWN,0
460,adiabat,dcrd,UNKNOWN,0
461,zhizhongzhiwai,dcrd,UNKNOWN,0
462,chappjc,dcrdata,UNKNOWN,0
463,gozart1,dcrdata,UNKNOWN,0
464,RogueElement,dcrdata,UNKNOWN,0
465,McEdward,dcrdata,UNKNOWN,0
466,dmigwi,dcrdata,UNKNOWN,0
467,papacarp,dcrdata,UNKNOWN,0
468,buck54321,dcrdata,UNKNOWN,0
469,JFixby,dcrdata,UNKNOWN,0
470,ademuanthony,dcrdata,UNKNOWN,0
471,codemaestro64,dcrdata,UNKNOWN,0
472,SeaLightHouse,dcrdata,UNKNOWN,0
473,logicminds,dcrdata,UNKNOWN,0
474,dajohi,dcrdata,UNKNOWN,0
475,samparsky,dcrdata,UNKNOWN,0
476,s-ben,dcrdata,UNKNOWN,0
477,itswisdomagain,dcrdata,UNKNOWN,0
478,degeri,dcrdata,UNKNOWN,0
479,Jujhar,dcrdata,UNKNOWN,0
480,infertux,dcrdata,UNKNOWN,0
481,jholdstock,dcrdata,UNKNOWN,0
482,jrick,dcrdata,UNKNOWN,0
483,snadorp,dcrdata,UNKNOWN,0
484,timi-ola,dcrdata,UNKNOWN,0
485,ZeroASIC,dcrdata,UNKNOWN,0
486,girino,dcrdata,UNKNOWN,0
487,lte13,dcrdata,UNKNOWN,0
488,orthomind,dcrdata,UNKNOWN,0
489,linnutee,dcrdesign,UNKNOWN,0
490,jcvernaleo,dcrdocker,UNKNOWN,0
491,dajohi,dcrdocker,UNKNOWN,0
492,chappjc,dcrdocker,UNKNOWN,0
493,alexlyp,dcrdocker,UNKNOWN,0
494,jpbriquet,dcrdocker,UNKNOWN,0
495,jholdstock,dcrdocs,UNKNOWN,0
496,jcvernaleo,dcrdocs,UNKNOWN,0
497,gratefulcheddar,dcrdocs,UNKNOWN,0
498,s-ben,dcrdocs,UNKNOWN,0
499,fainges,dcrdocs,UNKNOWN,0
500,dajohi,dcrdocs,UNKNOWN,0
501,hypernoob,dcrdocs,UNKNOWN,0
502,karamble,dcrdocs,UNKNOWN,0
503,RichardRed0x,dcrdocs,UNKNOWN,0
504,aldoiljazi,dcrdocs,UNKNOWN,0
505,jolan,dcrdocs,UNKNOWN,0
506,alexlyp,dcrdocs,UNKNOWN,0
507,jzbz,dcrdocs,UNKNOWN,0
508,zubairzia0,dcrdocs,UNKNOWN,0
509,ttneverdies,dcrdocs,UNKNOWN,0
510,gozart1,dcrdocs,UNKNOWN,0
511,obxium,dcrdocs,UNKNOWN,0
512,atweiden,dcrdocs,UNKNOWN,0
513,boblin,dcrdocs,UNKNOWN,0
514,infertux,dcrdocs,UNKNOWN,0
515,davecgh,dcrdocs,UNKNOWN,0
516,PrimeDominus,dcrdocs,UNKNOWN,0
517,noahpierau,dcrdocs,UNKNOWN,0
518,matheusd,dcrdocs,UNKNOWN,0
519,peterzen,dcrdocs,UNKNOWN,0
520,anthonyfranks,dcrdocs,UNKNOWN,0
521,sipherr,dcrdocs,UNKNOWN,0
522,Arriu,dcrdocs,UNKNOWN,0
523,arxdsilva,dcrdocs,UNKNOWN,0
524,brandonblock,dcrdocs,UNKNOWN,0
525,chrisdannen,dcrdocs,UNKNOWN,0
526,dandehavilland,dcrdocs,UNKNOWN,0
527,JFixby,dcrdocs,UNKNOWN,0
528,jrick,dcrdocs,UNKNOWN,0
529,detinho,dcrdocs,UNKNOWN,0
530,kargakis,dcrdocs,UNKNOWN,0
531,nickboariu,dcrdocs,UNKNOWN,0
532,rolandgnm,dcrdocs,UNKNOWN,0
533,ruemic,dcrdocs,UNKNOWN,0
534,tsnieman,dcrdocs,UNKNOWN,0
535,ajs-xmr,dcrdocs,UNKNOWN,0
536,degeri,dcrdocs,UNKNOWN,0
537,girino,dcrdocs,UNKNOWN,0
538,mverrilli,dcrdocs,UNKNOWN,0
539,orthomind,dcrdocs,UNKNOWN,0
540,Roasbeef,dcrlnd,UNKNOWN,0
541,AndrewSamokhvalov,dcrlnd,UNKNOWN,0
542,halseth,dcrlnd,UNKNOWN,0
543,cfromknecht,dcrlnd,UNKNOWN,0
544,jimpo,dcrlnd,UNKNOWN,0
545,josephpoon,dcrlnd,UNKNOWN,0
546,bryanvu,dcrlnd,UNKNOWN,0
547,aakselrod,dcrlnd,UNKNOWN,0
548,cjamthagen,dcrlnd,UNKNOWN,0
549,flaurida,dcrlnd,UNKNOWN,0
550,mlerner,dcrlnd,UNKNOWN,0
551,phlip9,dcrlnd,UNKNOWN,0
552,BitfuryLightning,dcrlnd,UNKNOWN,0
553,Crypt-iQ,dcrlnd,UNKNOWN,0
554,MaxFangX,dcrlnd,UNKNOWN,0
555,PaulCapestany,dcrlnd,UNKNOWN,0
556,afederigo,dcrlnd,UNKNOWN,0
557,mrwhythat,dcrlnd,UNKNOWN,0
558,tompre,dcrlnd,UNKNOWN,0
559,johng,dcrlnd,UNKNOWN,0
560,samvrlewis,dcrlnd,UNKNOWN,0
561,blico,dcrlnd,UNKNOWN,0
562,MDrollette,dcrlnd,UNKNOWN,0
563,nalinbhardwaj,dcrlnd,UNKNOWN,0
564,wpaulino,dcrlnd,UNKNOWN,0
565,davecgh,dcrlnd,UNKNOWN,0
566,bcongdon,dcrlnd,UNKNOWN,0
567,michielbdejong,dcrlnd,UNKNOWN,0
568,stevenroose,dcrlnd,UNKNOWN,0
569,thofmann,dcrlnd,UNKNOWN,0
570,34ro,dcrlnd,UNKNOWN,0
571,alexbosworth,dcrlnd,UNKNOWN,0
572,aantonop,dcrlnd,UNKNOWN,0
573,braydonf,dcrlnd,UNKNOWN,0
574,bajohns,dcrlnd,UNKNOWN,0
575,kanzure,dcrlnd,UNKNOWN,0
576,dooglus,dcrlnd,UNKNOWN,0
577,cdecker,dcrlnd,UNKNOWN,0
578,cpsola,dcrlnd,UNKNOWN,0
579,coonce,dcrlnd,UNKNOWN,0
580,dimitris-t,dcrlnd,UNKNOWN,0
581,ddustin,dcrlnd,UNKNOWN,0
582,f-a-a,dcrlnd,UNKNOWN,0
583,mably,dcrlnd,UNKNOWN,0
584,jnewbery,dcrlnd,UNKNOWN,0
585,jkandzi,dcrlnd,UNKNOWN,0
586,liuchengxu,dcrlnd,UNKNOWN,0
587,MaartenTutak,dcrlnd,UNKNOWN,0
588,murtyjones,dcrlnd,UNKNOWN,0
589,mtlynch,dcrlnd,UNKNOWN,0
590,Mrmaxmeier,dcrlnd,UNKNOWN,0
591,nabil-boag,dcrlnd,UNKNOWN,0
592,patwhite,dcrlnd,UNKNOWN,0
593,philippgille,dcrlnd,UNKNOWN,0
594,RCasatta,dcrlnd,UNKNOWN,0
595,thijstriemstra,dcrlnd,UNKNOWN,0
596,takinbo,dcrlnd,UNKNOWN,0
597,timo-schmid,dcrlnd,UNKNOWN,0
598,tsusanka,dcrlnd,UNKNOWN,0
599,tmc,dcrlnd,UNKNOWN,0
600,waltonseymour,dcrlnd,UNKNOWN,0
601,funyug,dcrlnd,UNKNOWN,0
602,hackerrdave,dcrlnd,UNKNOWN,0
603,juscamarena,dcrlnd,UNKNOWN,0
604,mkl-,dcrlnd,UNKNOWN,0
605,rajeshnair2k,dcrlnd,UNKNOWN,0
606,thesamesam,dcrlnd,UNKNOWN,0
607,jolan,dcrpayments,UNKNOWN,0
608,davecgh,dcrrpcclient,UNKNOWN,0
609,jrick,dcrrpcclient,UNKNOWN,0
610,dajohi,dcrrpcclient,UNKNOWN,0
611,cjepson,dcrrpcclient,UNKNOWN,0
612,jcvernaleo,dcrrpcclient,UNKNOWN,0
613,alexlyp,dcrrpcclient,UNKNOWN,0
614,chappjc,dcrrpcclient,UNKNOWN,0
615,RogueElement,dcrrpcclient,UNKNOWN,0
616,tuxcanfly,dcrrpcclient,UNKNOWN,0
617,jolan,dcrrpcclient,UNKNOWN,0
618,wallclockbuilder,dcrrpcclient,UNKNOWN,0
619,kargakis,dcrrpcclient,UNKNOWN,0
620,aakselrod,dcrrpcclient,UNKNOWN,0
621,dnldd,dcrrpcclient,UNKNOWN,0
622,runeaune,dcrrpcclient,UNKNOWN,0
623,apuigsech,dcrrpcclient,UNKNOWN,0
624,csmcanarney,dcrrpcclient,UNKNOWN,0
625,jimmysong,dcrrpcclient,UNKNOWN,0
626,tsenart,dcrrpcclient,UNKNOWN,0
627,waldyrious,dcrrpcclient,UNKNOWN,0
628,dan-da,dcrrpcclient,UNKNOWN,0
629,dajohi,dcrseeder,UNKNOWN,0
630,jolan,dcrstakepool,UNKNOWN,0
631,chappjc,dcrstakepool,UNKNOWN,0
632,dajohi,dcrstakepool,UNKNOWN,0
633,marcopeereboom,dcrstakepool,UNKNOWN,0
634,alexlyp,dcrstakepool,UNKNOWN,0
635,infertux,dcrstakepool,UNKNOWN,0
636,karamble,dcrstakepool,UNKNOWN,0
637,jrick,dcrstakepool,UNKNOWN,0
638,cjepson,dcrstakepool,UNKNOWN,0
639,girino,dcrstakepool,UNKNOWN,0
640,gratefulcheddar,dcrstakepool,UNKNOWN,0
641,dnldd,dcrstakepool,UNKNOWN,0
642,mverrilli,dcrstakepool,UNKNOWN,0
643,teknico,dcrstakepool,UNKNOWN,0
644,pedrotst,dcrstakepool,UNKNOWN,0
645,captain-redbeard,dcrstakepool,UNKNOWN,0
646,detailyang,dcrstakepool,UNKNOWN,0
647,hypernoob,dcrstakepool,UNKNOWN,0
648,zhizhongzhiwai,dcrstakepool,UNKNOWN,0
649,jcvernaleo,dcrticketbuyer,UNKNOWN,0
650,cjepson,dcrticketbuyer,UNKNOWN,0
651,alexlyp,dcrticketbuyer,UNKNOWN,0
652,tuxcanfly,dcrticketbuyer,UNKNOWN,0
653,dajohi,dcrticketbuyer,UNKNOWN,0
654,jolan,dcrticketbuyer,UNKNOWN,0
655,colt05-usr,dcrticketbuyer,UNKNOWN,0
656,dajohi,dcrtime,UNKNOWN,0
657,marcopeereboom,dcrtime,UNKNOWN,0
658,jcvernaleo,dcrtime,UNKNOWN,0
659,mrekucci,dcrtime,UNKNOWN,0
660,jrick,dcrtime,UNKNOWN,0
661,teknico,dcrtime,UNKNOWN,0
662,davecgh,dcrutil,UNKNOWN,0
663,jrick,dcrutil,UNKNOWN,0
664,dajohi,dcrutil,UNKNOWN,0
665,jcvernaleo,dcrutil,UNKNOWN,0
666,wallclockbuilder,dcrutil,UNKNOWN,0
667,alexlyp,dcrutil,UNKNOWN,0
668,dnldd,dcrutil,UNKNOWN,0
669,flammit,dcrutil,UNKNOWN,0
670,benma,dcrutil,UNKNOWN,0
671,chappjc,dcrutil,UNKNOWN,0
672,Roasbeef,dcrutil,UNKNOWN,0
673,waldyrious,dcrutil,UNKNOWN,0
674,cjepson,dcrutil,UNKNOWN,0
675,adiabat,dcrutil,UNKNOWN,0
676,jrick,dcrwallet,UNKNOWN,0
677,alexlyp,dcrwallet,UNKNOWN,0
678,dajohi,dcrwallet,UNKNOWN,0
679,jcvernaleo,dcrwallet,UNKNOWN,0
680,cjepson,dcrwallet,UNKNOWN,0
681,davecgh,dcrwallet,UNKNOWN,0
682,dnldd,dcrwallet,UNKNOWN,0
683,tuxcanfly,dcrwallet,UNKNOWN,0
684,matheusd,dcrwallet,UNKNOWN,0
685,jolan,dcrwallet,UNKNOWN,0
686,gsalgado,dcrwallet,UNKNOWN,0
687,raedah,dcrwallet,UNKNOWN,0
688,chappjc,dcrwallet,UNKNOWN,0
689,owainga,dcrwallet,UNKNOWN,0
690,githubsands,dcrwallet,UNKNOWN,0
691,kLkA,dcrwallet,UNKNOWN,0
692,marcopeereboom,dcrwallet,UNKNOWN,0
693,jimmysong,dcrwallet,UNKNOWN,0
694,manan19,dcrwallet,UNKNOWN,0
695,aerth,dcrwallet,UNKNOWN,0
696,larshesel,dcrwallet,UNKNOWN,0
697,markusrichter,dcrwallet,UNKNOWN,0
698,Roasbeef,dcrwallet,UNKNOWN,0
699,tsenart,dcrwallet,UNKNOWN,0
700,vctt94,dcrwallet,UNKNOWN,0
701,gallexis,dcrwallet,UNKNOWN,0
702,Chocanto,dcrwallet,UNKNOWN,0
703,C-ollins,dcrwallet,UNKNOWN,0
704,infertux,dcrwallet,UNKNOWN,0
705,fgimenez,dcrwallet,UNKNOWN,0
706,frankbraun,dcrwallet,UNKNOWN,0
707,frankcash,dcrwallet,UNKNOWN,0
708,gmelika,dcrwallet,UNKNOWN,0
709,JFixby,dcrwallet,UNKNOWN,0
710,ysangkok,dcrwallet,UNKNOWN,0
711,jongillham,dcrwallet,UNKNOWN,0
712,jzbz,dcrwallet,UNKNOWN,0
713,jyap808,dcrwallet,UNKNOWN,0
714,wallclockbuilder,dcrwallet,UNKNOWN,0
715,kargakis,dcrwallet,UNKNOWN,0
716,red010b37,dcrwallet,UNKNOWN,0
717,runeaune,dcrwallet,UNKNOWN,0
718,yashmankad,dcrwallet,UNKNOWN,0
719,rvacek,dcrwallet,UNKNOWN,0
720,karamble,dcrweb,UNKNOWN,0
721,jolan,dcrweb,UNKNOWN,0
722,peterzen,dcrweb,UNKNOWN,0
723,rmykolas,dcrweb,UNKNOWN,0
724,dajohi,dcrweb,UNKNOWN,0
725,jzbz,dcrweb,UNKNOWN,0
726,ZeroASIC,dcrweb,UNKNOWN,0
727,oktapodia,dcrweb,UNKNOWN,0
728,jholdstock,dcrweb,UNKNOWN,0
729,alexlyp,dcrweb,UNKNOWN,0
730,nickboariu,dcrweb,UNKNOWN,0
731,StabbarN,dcrweb,UNKNOWN,0
732,infertux,dcrweb,UNKNOWN,0
733,jcvernaleo,dcrweb,UNKNOWN,0
734,hypernoob,dcrweb,UNKNOWN,0
735,degeri,dcrweb,UNKNOWN,0
736,orthomind,dcrweb,UNKNOWN,0
737,AlanBarber,dcrweb,UNKNOWN,0
738,aldoiljazi,dcrweb,UNKNOWN,0
739,atweiden,dcrweb,UNKNOWN,0
740,Fsig,dcrweb,UNKNOWN,0
741,noahpierau,dcrweb,UNKNOWN,0
742,isaias,dcrweb,UNKNOWN,0
743,knightjdr,dcrweb,UNKNOWN,0
744,sumiflow,dcrweb,UNKNOWN,0
745,enviable,dcrweb,UNKNOWN,0
746,lukebp,dcrweb,UNKNOWN,0
747,marcopeereboom,dcrweb,UNKNOWN,0
748,d7km,dcrweb,UNKNOWN,0
749,ttneverdies,dcrweb,UNKNOWN,0
750,pvtwarren,dcrweb,UNKNOWN,0
751,dajohi,dcrwebapi,UNKNOWN,0
752,dnldd,dcrwebapi,UNKNOWN,0
753,d1pool,dcrwebapi,UNKNOWN,0
754,infertux,dcrwebapi,UNKNOWN,0
755,David00,dcrwebapi,UNKNOWN,0
756,dema501,dcrwebapi,UNKNOWN,0
757,brianbaligad,dcrwebapi,UNKNOWN,0
758,peterzen,dcrwebapi,UNKNOWN,0
759,detailyang,dcrwebapi,UNKNOWN,0
760,eball,dcrwebapi,UNKNOWN,0
761,feeleep75,dcrwebapi,UNKNOWN,0
762,kiahmed,dcrwebapi,UNKNOWN,0
763,lealife,dcrwebapi,UNKNOWN,0
764,qukuailianyonghu,dcrwebapi,UNKNOWN,0
765,saymissme,dcrwebapi,UNKNOWN,0
766,sriney-staked,dcrwebapi,UNKNOWN,0
767,jcvernaleo,decred-binaries,UNKNOWN,0
768,dajohi,decred-binaries,UNKNOWN,0
769,alexlyp,decred-binaries,UNKNOWN,0
770,jrick,decred-binaries,UNKNOWN,0
771,jolan,decred-binaries,UNKNOWN,0
772,raedah,decred-binaries,UNKNOWN,0
773,AlphaT3ch,decred-irc-price-bot,UNKNOWN,0
774,LifeMushroom,decred-irc-price-bot,UNKNOWN,0
775,JeDaYoshi,decred-irc-price-bot,UNKNOWN,0
776,jcvernaleo,decred-irc-price-bot,UNKNOWN,0
777,Dirbaio,decred-irc-price-bot,UNKNOWN,0
778,dajohi,decred-magento-plugin,UNKNOWN,0
779,R3VoLuT1OneR,decred-magento-plugin,UNKNOWN,0
780,R3VoLuT1OneR,decred-php-api,UNKNOWN,0
781,dajohi,decred-php-api,UNKNOWN,0
782,jcvernaleo,decred-release,UNKNOWN,0
783,dajohi,decred-release,UNKNOWN,0
784,marcopeereboom,decred-release,UNKNOWN,0
785,jolan,decred-release,UNKNOWN,0
786,Arriu,decred-release,UNKNOWN,0
787,jrick,decred-release,UNKNOWN,0
788,qbit,decred-release,UNKNOWN,0
789,alexlyp,decred-release,UNKNOWN,0
790,sipa,decred-seeder,UNKNOWN,0
791,luke-jr,decred-seeder,UNKNOWN,0
792,jonasschnelli,decred-seeder,UNKNOWN,0
793,petertodd,decred-seeder,UNKNOWN,0
794,jcvernaleo,decred-seeder,UNKNOWN,0
795,chappjc,decred-seeder,UNKNOWN,0
796,r000n,decred-seeder,UNKNOWN,0
797,JohnDolittle,decred-seeder,UNKNOWN,0
798,sickpig,decred-seeder,UNKNOWN,0
799,C-Otto,decred-seeder,UNKNOWN,0
800,martindale,decred-seeder,UNKNOWN,0
801,erkmos,decred-seeder,UNKNOWN,0
802,jrick,decred-seeder,UNKNOWN,0
803,laanwj,decred-seeder,UNKNOWN,0
804,marcopeereboom,decred-windows-installer,UNKNOWN,0
805,jcvernaleo,decred-windows-installer,UNKNOWN,0
806,jrick,decred-windows-installer,UNKNOWN,0
807,dajohi,decred-windows-installer,UNKNOWN,0
808,alexlyp,decrediton,UNKNOWN,0
809,matheusd,decrediton,UNKNOWN,0
810,jcvernaleo,decrediton,UNKNOWN,0
811,vctt94,decrediton,UNKNOWN,0
812,go1dfish,decrediton,UNKNOWN,0
813,sndurkin,decrediton,UNKNOWN,0
814,StabbarN,decrediton,UNKNOWN,0
815,Jascha-Sundaresan,decrediton,UNKNOWN,0
816,oktapodia,decrediton,UNKNOWN,0
817,dajohi,decrediton,UNKNOWN,0
818,jolan,decrediton,UNKNOWN,0
819,Jujhar,decrediton,UNKNOWN,0
820,szpasztor,decrediton,UNKNOWN,0
821,cipherzzz,decrediton,UNKNOWN,0
822,Thoughtscript,decrediton,UNKNOWN,0
823,jholdstock,decrediton,UNKNOWN,0
824,peterzen,decrediton,UNKNOWN,0
825,isLishude,decrediton,UNKNOWN,0
826,faelv,decrediton,UNKNOWN,0
827,jrick,decrediton,UNKNOWN,0
828,shweini,decrediton,UNKNOWN,0
829,brunobraga95,decrediton,UNKNOWN,0
830,rocknet,decrediton,UNKNOWN,0
831,josser,decrediton,UNKNOWN,0
832,druonysus,decrediton,UNKNOWN,0
833,ejovwokeononunu,decrediton,UNKNOWN,0
834,EvertonMelo,decrediton,UNKNOWN,0
835,hudovisk,decrediton,UNKNOWN,0
836,Kmaschta,decrediton,UNKNOWN,0
837,lukebp,decrediton,UNKNOWN,0
838,JohnOlushola,decrediton,UNKNOWN,0
839,karamble,decrediton,UNKNOWN,0
840,orthomind,decrediton,UNKNOWN,0
841,agl,ed25519,UNKNOWN,0
842,donovanhide,ed25519,UNKNOWN,0
843,dchest,ed25519,UNKNOWN,0
844,jcvernaleo,ed25519,UNKNOWN,0
845,cjepson,ed25519,UNKNOWN,0
846,jcvernaleo,gominer,UNKNOWN,0
847,jolan,gominer,UNKNOWN,0
848,dajohi,gominer,UNKNOWN,0
849,Dirbaio,gominer,UNKNOWN,0
850,cjepson,gominer,UNKNOWN,0
851,Baggins800,gominer,UNKNOWN,0
852,gabrielboliveira,gominer,UNKNOWN,0
853,chappjc,gominer,UNKNOWN,0
854,jrick,gominer,UNKNOWN,0
855,marcopeereboom,gominer,UNKNOWN,0
856,teknico,gominer,UNKNOWN,0
857,gratefulcheddar,gominer,UNKNOWN,0
858,alexlyp,hardforkdemo,UNKNOWN,0
859,karamble,hardforkdemo,UNKNOWN,0
860,dajohi,hardforkdemo,UNKNOWN,0
861,chappjc,hardforkdemo,UNKNOWN,0
862,davecgh,hardforkdemo,UNKNOWN,0
863,jholdstock,hardforkdemo,UNKNOWN,0
864,J-8,hardforkdemo,UNKNOWN,0
865,jolan,hardforkdemo,UNKNOWN,0
866,jolan,haste,UNKNOWN,0
867,jcvernaleo,haste,UNKNOWN,0
868,matiu,insight,UNKNOWN,0
869,cmgustavo,insight,UNKNOWN,0
870,colcodev,insight,UNKNOWN,0
871,maraoz,insight,UNKNOWN,0
872,bechi,insight,UNKNOWN,0
873,alexlyp,insight,UNKNOWN,0
874,martindale,insight,UNKNOWN,0
875,andrewfhart,insight,UNKNOWN,0
876,Eveiv,insight,UNKNOWN,0
877,dajohi,insight,UNKNOWN,0
878,jcvernaleo,insight,UNKNOWN,0
879,dabura667,insight,UNKNOWN,0
880,koirikivi,insight,UNKNOWN,0
881,ionux,insight,UNKNOWN,0
882,BlaiseExpMore25,insight,UNKNOWN,0
883,thesoftwarejedi,insight,UNKNOWN,0
884,jzbz,insight,UNKNOWN,0
885,jyap808,insight,UNKNOWN,0
886,Lennie,insight,UNKNOWN,0
887,PierreRochard,insight,UNKNOWN,0
888,saschad,insight,UNKNOWN,0
889,slavik0329,insight,UNKNOWN,0
890,visvirial,insight,UNKNOWN,0
891,yemel,insight,UNKNOWN,0
892,sandakersmann,insight,UNKNOWN,0
893,wozz,insight,UNKNOWN,0
894,matiu,insight-api,UNKNOWN,0
895,cmgustavo,insight-api,UNKNOWN,0
896,maraoz,insight-api,UNKNOWN,0
897,colcodev,insight-api,UNKNOWN,0
898,isocolsky,insight-api,UNKNOWN,0
899,eordano,insight-api,UNKNOWN,0
900,bechi,insight-api,UNKNOWN,0
901,alexlyp,insight-api,UNKNOWN,0
902,martindale,insight-api,UNKNOWN,0
903,Eveiv,insight-api,UNKNOWN,0
904,lordhelmut,insight-api,UNKNOWN,0
905,dajohi,insight-api,UNKNOWN,0
906,updatesthepoolist,insight-api,UNKNOWN,0
907,koirikivi,insight-api,UNKNOWN,0
908,abbshr,insight-api,UNKNOWN,0
909,ionux,insight-api,UNKNOWN,0
910,rhoop,insight-api,UNKNOWN,0
911,jl2035,insight-api,UNKNOWN,0
912,syst3mw0rm,insight-api,UNKNOWN,0
913,jcvernaleo,insight-api,UNKNOWN,0
914,Kefkius,insight-api,UNKNOWN,0
915,fanatid,insight-api,UNKNOWN,0
916,laudney,insight-api,UNKNOWN,0
917,bitstein,insight-api,UNKNOWN,0
918,shesek,insight-api,UNKNOWN,0
919,olalonde,insight-api,UNKNOWN,0
920,pnagurny,insight-api,UNKNOWN,0
921,peterzen,insight-api,UNKNOWN,0
922,pelim,insight-api,UNKNOWN,0
923,robjohnson189,insight-api,UNKNOWN,0
924,rktoomey,insight-api,UNKNOWN,0
925,YSTomar,insight-api,UNKNOWN,0
926,skddc,insight-api,UNKNOWN,0
927,slavik0329,insight-api,UNKNOWN,0
928,wtogami,insight-api,UNKNOWN,0
929,yemel,insight-api,UNKNOWN,0
930,devlo,insight-api,UNKNOWN,0
931,igarciaes,insight-api,UNKNOWN,0
932,periodic1236,insight-api,UNKNOWN,0
933,ralphtheninja,insight-api,UNKNOWN,0
934,ssotomayor,insight-api,UNKNOWN,0
935,adamdbradley,ionic,UNKNOWN,0
936,brandyscarney,ionic,UNKNOWN,0
937,mlynch,ionic,UNKNOWN,0
938,tlancina,ionic,UNKNOWN,0
939,drewrygh,ionic,UNKNOWN,0
940,mhartington,ionic,UNKNOWN,0
941,ajoslin,ionic,UNKNOWN,0
942,perrygovier,ionic,UNKNOWN,0
943,manucorporat,ionic,UNKNOWN,0
944,jbavari,ionic,UNKNOWN,0
945,danbucholtz,ionic,UNKNOWN,0
946,jgw96,ionic,UNKNOWN,0
947,matheusrocha89,ionic,UNKNOWN,0
948,3dd13,ionic,UNKNOWN,0
949,jthoms1,ionic,UNKNOWN,0
950,iignatov,ionic,UNKNOWN,0
951,briandennis,ionic,UNKNOWN,0
952,Ionitron,ionic,UNKNOWN,0
953,ciekawy,ionic,UNKNOWN,0
954,eddhannay,ionic,UNKNOWN,0
955,beautyfree,ionic,UNKNOWN,0
956,teleaziz,ionic,UNKNOWN,0
957,gfauchart,ionic,UNKNOWN,0
958,jccf091,ionic,UNKNOWN,0
959,JobEngel,ionic,UNKNOWN,0
960,joelbraga,ionic,UNKNOWN,0
961,kkarich,ionic,UNKNOWN,0
962,roblouie,ionic,UNKNOWN,0
963,wli,ionic,UNKNOWN,0
964,remithomas,ionic,UNKNOWN,0
965,abotz,ionic,UNKNOWN,0
966,hotforfeature,ionic,UNKNOWN,0
967,aggarwalankush,ionic,UNKNOWN,0
968,seunje,ionic,UNKNOWN,0
969,arvindch,ionic,UNKNOWN,0
970,Barryrowe,ionic,UNKNOWN,0
971,7200rpm,ionic,UNKNOWN,0
972,btroncone,ionic,UNKNOWN,0
973,ba0f3,ionic,UNKNOWN,0
974,codingcool21,ionic,UNKNOWN,0
975,bwalker72956,ionic,UNKNOWN,0
976,nbs,ionic,UNKNOWN,0
977,caestrada,ionic,UNKNOWN,0
978,luchillo17,ionic,UNKNOWN,0
979,chrisgriffith,ionic,UNKNOWN,0
980,dwieeb,ionic,UNKNOWN,0
981,dkro,ionic,UNKNOWN,0
982,DomiR,ionic,UNKNOWN,0
983,dotansimha,ionic,UNKNOWN,0
984,dusbuss,ionic,UNKNOWN,0
985,dylanvdmerwe,ionic,UNKNOWN,0
986,edanweis,ionic,UNKNOWN,0
987,mallowigi,ionic,UNKNOWN,0
988,eriktufvesson,ionic,UNKNOWN,0
989,EvgeniiVolkov,ionic,UNKNOWN,0
990,fareesh,ionic,UNKNOWN,0
991,flpwgr,ionic,UNKNOWN,0
992,rodriguesgm,ionic,UNKNOWN,0
993,ZiFFeL1992,ionic,UNKNOWN,0
994,jadsalhani,ionic,UNKNOWN,0
995,blackjid,ionic,UNKNOWN,0
996,juristr,ionic,UNKNOWN,0
997,keithdmoore,ionic,UNKNOWN,0
998,schlaus,ionic,UNKNOWN,0
999,lennykean,ionic,UNKNOWN,0
1000,louislarry,ionic,UNKNOWN,0
1001,lricoy,ionic,UNKNOWN,0
1002,marcusasplund,ionic,UNKNOWN,0
1003,nanexcool,ionic,UNKNOWN,0
1004,m5rk,ionic,UNKNOWN,0
1005,matheo,ionic,UNKNOWN,0
1006,LostPlayer99,ionic,UNKNOWN,0
1007,Doehl,ionic,UNKNOWN,0
1008,Merott,ionic,UNKNOWN,0
1009,michaelmafort,ionic,UNKNOWN,0
1010,nikhildev,ionic,UNKNOWN,0
1011,Pekes317,ionic,UNKNOWN,0
1012,perdjurner,ionic,UNKNOWN,0
1013,Tenvan,ionic,UNKNOWN,0
1014,rtomchinsky,ionic,UNKNOWN,0
1015,rapropos,ionic,UNKNOWN,0
1016,pakaerf,ionic,UNKNOWN,0
1017,imatefx,ionic,UNKNOWN,0
1018,stkem,ionic,UNKNOWN,0
1019,tlaverdure,ionic,UNKNOWN,0
1020,thiphariel,ionic,UNKNOWN,0
1021,thomasNDS,ionic,UNKNOWN,0
1022,tomsun,ionic,UNKNOWN,0
1023,trongrg,ionic,UNKNOWN,0
1024,voliva,ionic,UNKNOWN,0
1025,eakkew,ionic,UNKNOWN,0
1026,andrewmcgivery,ionic,UNKNOWN,0
1027,chuz93,ionic,UNKNOWN,0
1028,dorontal,ionic,UNKNOWN,0
1029,dustinwag,ionic,UNKNOWN,0
1030,flavordaaave,ionic,UNKNOWN,0
1031,itaydemri,ionic,UNKNOWN,0
1032,resalisbury,ionic,UNKNOWN,0
1033,sclausen,ionic,UNKNOWN,0
1034,tomaszkepa,ionic,UNKNOWN,0
1035,troyanskiy,ionic,UNKNOWN,0
1036,aurelien-iapp,node-addon-loader,UNKNOWN,0
1037,ushu,node-addon-loader,UNKNOWN,0
1038,alexlyp,node-addon-loader,UNKNOWN,0
1039,matheusd,node-addon-loader,UNKNOWN,0
1040,jrick,Paymetheus,UNKNOWN,0
1041,marcopeereboom,Paymetheus,UNKNOWN,0
1042,jcvernaleo,Paymetheus,UNKNOWN,0
1043,cjepson,Paymetheus,UNKNOWN,0
1044,dajohi,Paymetheus,UNKNOWN,0
1045,tuxcanfly,Paymetheus,UNKNOWN,0
1046,marcopeereboom,politeia,UNKNOWN,0
1047,sndurkin,politeia,UNKNOWN,0
1048,lukebp,politeia,UNKNOWN,0
1049,fernandoabolafio,politeia,UNKNOWN,0
1050,dajohi,politeia,UNKNOWN,0
1051,vctt94,politeia,UNKNOWN,0
1052,tiagoalvesdulce,politeia,UNKNOWN,0
1053,rgeraldes,politeia,UNKNOWN,0
1054,thi4go,politeia,UNKNOWN,0
1055,jolan,politeia,UNKNOWN,0
1056,AlanL1,politeia,UNKNOWN,0
1057,camus-code,politeia,UNKNOWN,0
1058,davecgh,politeia,UNKNOWN,0
1059,decebal,politeia,UNKNOWN,0
1060,EvertonMelo,politeia,UNKNOWN,0
1061,hsanjuan,politeia,UNKNOWN,0
1062,wallclockbuilder,politeia,UNKNOWN,0
1063,rrecuero,politeia,UNKNOWN,0
1064,RichardRed0x,politeia,UNKNOWN,0
1065,s-ben,politeia,UNKNOWN,0
1066,victorgcramos,politeia,UNKNOWN,0
1067,degeri,politeia,UNKNOWN,0
1068,lte13,politeia,UNKNOWN,0
1069,sudoscript,politeia,UNKNOWN,0
1070,fernandoabolafio,politeiagui,UNKNOWN,0
1071,tiagoalvesdulce,politeiagui,UNKNOWN,0
1072,sndurkin,politeiagui,UNKNOWN,0
1073,go1dfish,politeiagui,UNKNOWN,0
1074,dajohi,politeiagui,UNKNOWN,0
1075,oktapodia,politeiagui,UNKNOWN,0
1076,thi4go,politeiagui,UNKNOWN,0
1077,camus-code,politeiagui,UNKNOWN,0
1078,vctt94,politeiagui,UNKNOWN,0
1079,victorgcramos,politeiagui,UNKNOWN,0
1080,rrecuero,politeiagui,UNKNOWN,0
1081,RichardRed0x,politeiagui,UNKNOWN,0
1082,marcopeereboom,politeiagui,UNKNOWN,0
1083,s-ben,politeiagui,UNKNOWN,0
1084,degeri,politeiagui,UNKNOWN,0
1085,AlanL1,politeiagui,UNKNOWN,0
1086,igniteeng000,politeiagui,UNKNOWN,0
1087,brunobraga95,politeiagui,UNKNOWN,0
1088,derekdkim,politeiagui,UNKNOWN,0
1089,jholdstock,politeiagui,UNKNOWN,0
1090,rgeraldes,politeiagui,UNKNOWN,0
1091,gozart1,politeiagui,UNKNOWN,0
1092,hypernoob,politeiagui,UNKNOWN,0
1093,lte13,politeiagui,UNKNOWN,0
1094,lukebp,politeiagui,UNKNOWN,0
1095,orthomind,politeiagui,UNKNOWN,0
1096,tnguyen303,politeiagui,UNKNOWN,0
1097,andrerpena,react-mde,UNKNOWN,0
1098,greenkeeper[bot],react-mde,UNKNOWN,0
1099,pwolaq,react-mde,UNKNOWN,0
1100,michaelryancaputo,react-mde,UNKNOWN,0
1101,JedWatson,react-select,UNKNOWN,0
1102,bruderstein,react-select,UNKNOWN,0
1103,bvaughn,react-select,UNKNOWN,0
1104,jossmac,react-select,UNKNOWN,0
1105,dcousens,react-select,UNKNOWN,0
1106,agirton,react-select,UNKNOWN,0
1107,craigdallimore,react-select,UNKNOWN,0
1108,jochenberger,react-select,UNKNOWN,0
1109,DanielHeath,react-select,UNKNOWN,0
1110,dmatteo,react-select,UNKNOWN,0
1111,julen,react-select,UNKNOWN,0
1112,khankuan,react-select,UNKNOWN,0
1113,brianreavis,react-select,UNKNOWN,0
1114,jooj123,react-select,UNKNOWN,0
1115,MrLeebo,react-select,UNKNOWN,0
1116,dmitry-smirnov,react-select,UNKNOWN,0
1117,gojohnnygo,react-select,UNKNOWN,0
1118,rockallite,react-select,UNKNOWN,0
1119,jgautsch,react-select,UNKNOWN,0
1120,trmjoa,react-select,UNKNOWN,0
1121,ryanzec,react-select,UNKNOWN,0
1122,frankievx,react-select,UNKNOWN,0
1123,the-spyke,react-select,UNKNOWN,0
1124,esiqveland,react-select,UNKNOWN,0
1125,thatfrankdev,react-select,UNKNOWN,0
1126,mattdell,react-select,UNKNOWN,0
1127,ondrejhlavacek,react-select,UNKNOWN,0
1128,slybridges,react-select,UNKNOWN,0
1129,Fauntleroy,react-select,UNKNOWN,0
1130,lomteslie,react-select,UNKNOWN,0
1131,DullReferenceException,react-select,UNKNOWN,0
1132,mondaychen,react-select,UNKNOWN,0
1133,nhducit,react-select,UNKNOWN,0
1134,0xCMP,react-select,UNKNOWN,0
1135,jsmunich,react-select,UNKNOWN,0
1136,fhelwanger,react-select,UNKNOWN,0
1137,aaronpowell,react-select,UNKNOWN,0
1138,thezanke,react-select,UNKNOWN,0
1139,AlexKVal,react-select,UNKNOWN,0
1140,akud82,react-select,UNKNOWN,0
1141,leesiongchan,react-select,UNKNOWN,0
1142,radixhound,react-select,UNKNOWN,0
1143,ericj17,react-select,UNKNOWN,0
1144,brigand,react-select,UNKNOWN,0
1145,Calvein,react-select,UNKNOWN,0
1146,HuysentruytRuben,react-select,UNKNOWN,0
1147,oliger,react-select,UNKNOWN,0
1148,jonashaag,react-select,UNKNOWN,0
1149,mcls,react-select,UNKNOWN,0
1150,mshwery,react-select,UNKNOWN,0
1151,mwilliamson,react-select,UNKNOWN,0
1152,bulby97,react-select,UNKNOWN,0
1153,nickhudkins,react-select,UNKNOWN,0
1154,pbrant,react-select,UNKNOWN,0
1155,PetrGlad,react-select,UNKNOWN,0
1156,rdsubhas,react-select,UNKNOWN,0
1157,rovolution,react-select,UNKNOWN,0
1158,tonydecat,react-select,UNKNOWN,0
1159,wesrage,react-select,UNKNOWN,0
1160,willdavidow,react-select,UNKNOWN,0
1161,burtyish,react-select,UNKNOWN,0
1162,cbergmiller,react-select,UNKNOWN,0
1163,fmovlex,react-select,UNKNOWN,0
1164,fraserxu,react-select,UNKNOWN,0
1165,iam4x,react-select,UNKNOWN,0
1166,piecyk,react-select,UNKNOWN,0
1167,wenbing,react-select,UNKNOWN,0
1168,mxstbr,react-select,UNKNOWN,0
1169,YannPl,react-select,UNKNOWN,0
1170,Aaronius,react-select,UNKNOWN,0
1171,alanrsoares,react-select,UNKNOWN,0
1172,alesn,react-select,UNKNOWN,0
1173,alexanderchan,react-select,UNKNOWN,0
1174,LubergAlexander,react-select,UNKNOWN,0
1175,abalhier,react-select,UNKNOWN,0
1176,alistairjcbrown,react-select,UNKNOWN,0
1177,alyssaBiasi,react-select,UNKNOWN,0
1178,gertig,react-select,UNKNOWN,0
1179,ahutchings,react-select,UNKNOWN,0
1180,radarhere,react-select,UNKNOWN,0
1181,andru,react-select,UNKNOWN,0
1182,adinardi,react-select,UNKNOWN,0
1183,naddeoa,react-select,UNKNOWN,0
1184,kompot,react-select,UNKNOWN,0
1185,Aeon,react-select,UNKNOWN,0
1186,dhamaniasad,react-select,UNKNOWN,0
1187,AugustinLF,react-select,UNKNOWN,0
1188,rockingskier,react-select,UNKNOWN,0
1189,sophiebits,react-select,UNKNOWN,0
1190,BenJenkinson,react-select,UNKNOWN,0
1191,bcardi,react-select,UNKNOWN,0
1192,brettdewoody,react-select,UNKNOWN,0
1193,byronanderson,react-select,UNKNOWN,0
1194,coreymcmahon,react-select,UNKNOWN,0
1195,damienleroux,react-select,UNKNOWN,0
1196,Daniel15,react-select,UNKNOWN,0
1197,ieldanr,react-select,UNKNOWN,0
1198,daviferreira,react-select,UNKNOWN,0
1199,schnerd,react-select,UNKNOWN,0
1200,dcurletti,react-select,UNKNOWN,0
1201,EduardoCHenrique,react-select,UNKNOWN,0
1202,elijahmanor,react-select,UNKNOWN,0
1203,Naveg,react-select,UNKNOWN,0
1204,TheSharpieOne,react-select,UNKNOWN,0
1205,ooflorent,react-select,UNKNOWN,0
1206,flovilmart,react-select,UNKNOWN,0
1207,ForbesLindesay,react-select,UNKNOWN,0
1208,gsklee,react-select,UNKNOWN,0
1209,omgaz,react-select,UNKNOWN,0
1210,hanwencheng,react-select,UNKNOWN,0
1211,muromec,react-select,UNKNOWN,0
1212,aij,react-select,UNKNOWN,0
1213,jaakerisalu,react-select,UNKNOWN,0
1214,jscinoz,react-select,UNKNOWN,0
1215,jackhsu978,react-select,UNKNOWN,0
1216,bassjacob,react-select,UNKNOWN,0
1217,jaimeagudo,react-select,UNKNOWN,0
1218,jakeboone02,react-select,UNKNOWN,0
1219,jamesamon,react-select,UNKNOWN,0
1220,jbrudvik,react-select,UNKNOWN,0
1221,jihchi,react-select,UNKNOWN,0
1222,wehriam,react-select,UNKNOWN,0
1223,cloudkite,react-select,UNKNOWN,0
1224,jnetterf,react-select,UNKNOWN,0
1225,juliankrispel,react-select,UNKNOWN,0
1226,kamronbatman,react-select,UNKNOWN,0
1227,choonkending,react-select,UNKNOWN,0
1228,kentcdodds,react-select,UNKNOWN,0
1229,kembuco,react-select,UNKNOWN,0
1230,kumarharsh,react-select,UNKNOWN,0
1231,quile,react-select,UNKNOWN,0
1232,lehikol2,react-select,UNKNOWN,0
1233,lstuartfry,react-select,UNKNOWN,0
1234,EnchanterIO,react-select,UNKNOWN,0
1235,mattbreeden,react-select,UNKNOWN,0
1236,hellaeon,react-select,UNKNOWN,0
1237,mhubenthal,react-select,UNKNOWN,0
1238,groeneman,react-select,UNKNOWN,0
1239,mikehazell,react-select,UNKNOWN,0
1240,mkotelnikov,react-select,UNKNOWN,0
1241,Siliconrob,react-select,UNKNOWN,0
1242,nraynaud,react-select,UNKNOWN,0
1243,nkbt,react-select,UNKNOWN,0
1244,xakep139,react-select,UNKNOWN,0
1245,oliversong,react-select,UNKNOWN,0
1246,panw,react-select,UNKNOWN,0
1247,pancham348,react-select,UNKNOWN,0
1248,VanCoding,react-select,UNKNOWN,0
1249,petetnt,react-select,UNKNOWN,0
1250,pra85,react-select,UNKNOWN,0
1251,oneforwonder,react-select,UNKNOWN,0
1252,rwrz,react-select,UNKNOWN,0
1253,unity,react-select,UNKNOWN,0
1254,rohmanhm,react-select,UNKNOWN,0
1255,rubencodes,react-select,UNKNOWN,0
1256,ruiaraujo,react-select,UNKNOWN,0
1257,leftmostcat,react-select,UNKNOWN,0
1258,sgaestel,react-select,UNKNOWN,0
1259,sdemjanenko,react-select,UNKNOWN,0
1260,stephen,react-select,UNKNOWN,0
1261,sunny,react-select,UNKNOWN,0
1262,not-an-aardvark,react-select,UNKNOWN,0
1263,gja,react-select,UNKNOWN,0
1264,tnrich,react-select,UNKNOWN,0
1265,tlconnor,react-select,UNKNOWN,0
1266,james4388,react-select,UNKNOWN,0
1267,vincentfretin,react-select,UNKNOWN,0
1268,VladimirPal,react-select,UNKNOWN,0
1269,wmadden,react-select,UNKNOWN,0
1270,jmblog,react-select,UNKNOWN,0
1271,zackify,react-select,UNKNOWN,0
1272,alanclarke,react-select,UNKNOWN,0
1273,andreme,react-select,UNKNOWN,0
1274,blackjk3,react-select,UNKNOWN,0
1275,chrisvariety,react-select,UNKNOWN,0
1276,conorhastings,react-select,UNKNOWN,0
1277,ferhatelmas,react-select,UNKNOWN,0
1278,goodzsq,react-select,UNKNOWN,0
1279,grassick,react-select,UNKNOWN,0
1280,ilkome,react-select,UNKNOWN,0
1281,kromit,react-select,UNKNOWN,0
1282,lagun4ik,react-select,UNKNOWN,0
1283,lifehackett,react-select,UNKNOWN,0
1284,mayerwin,react-select,UNKNOWN,0
1285,miraks,react-select,UNKNOWN,0
1286,mlucool,react-select,UNKNOWN,0
1287,mberneti,react-select,UNKNOWN,0
1288,kennynaoh,react-select,UNKNOWN,0
1289,Noviny,react-select,UNKNOWN,0
1290,npmcdn-to-unpkg-bot,react-select,UNKNOWN,0
1291,vomchik,react-select,UNKNOWN,0
1292,jcvernaleo,RFPs,UNKNOWN,0
1293,alexlyp,RFPs,UNKNOWN,0
1294,jolan,RFPs,UNKNOWN,0
1295,dajohi,RFPs,UNKNOWN,0
1296,jrick,RFPs,UNKNOWN,0
1297,davecgh,RFPs,UNKNOWN,0
1298,cjepson,RFPs,UNKNOWN,0
1299,davecgh,slog,UNKNOWN,0
1300,dajohi,slog,UNKNOWN,0
1301,jrick,slog,UNKNOWN,0
1302,jcvernaleo,slog,UNKNOWN,0
1303,waldyrious,slog,UNKNOWN,0
1304,bsimpson63,snew-classic-ui,UNKNOWN,0
1305,spladug,snew-classic-ui,UNKNOWN,0
1306,chromakode,snew-classic-ui,UNKNOWN,0
1307,Deimos,snew-classic-ui,UNKNOWN,0
1308,madbook,snew-classic-ui,UNKNOWN,0
1309,andre-d,snew-classic-ui,UNKNOWN,0
1310,dwick,snew-classic-ui,UNKNOWN,0
1311,KeyserSosa,snew-classic-ui,UNKNOWN,0
1312,MelissaCole,snew-classic-ui,UNKNOWN,0
1313,JordanMilne,snew-classic-ui,UNKNOWN,0
1314,xiongchiamiov,snew-classic-ui,UNKNOWN,0
1315,umbrae,snew-classic-ui,UNKNOWN,0
1316,ketralnis,snew-classic-ui,UNKNOWN,0
1317,rram,snew-classic-ui,UNKNOWN,0
1318,spez,snew-classic-ui,UNKNOWN,0
1319,shlurbee,snew-classic-ui,UNKNOWN,0
1320,alienth,snew-classic-ui,UNKNOWN,0
1321,zeantsoi,snew-classic-ui,UNKNOWN,0
1322,paradox460,snew-classic-ui,UNKNOWN,0
1323,ajacksified,snew-classic-ui,UNKNOWN,0
1324,chrisst,snew-classic-ui,UNKNOWN,0
1325,DorianGray,snew-classic-ui,UNKNOWN,0
1326,powerlanguage,snew-classic-ui,UNKNOWN,0
1327,bboe,snew-classic-ui,UNKNOWN,0
1328,jedberg,snew-classic-ui,UNKNOWN,0
1329,13steinj,snew-classic-ui,UNKNOWN,0
1330,kjoconnor,snew-classic-ui,UNKNOWN,0
1331,dellis23,snew-classic-ui,UNKNOWN,0
1332,buddydvd,snew-classic-ui,UNKNOWN,0
1333,dpifke,snew-classic-ui,UNKNOWN,0
1334,tiagoalvesdulce,snew-classic-ui,UNKNOWN,0
1335,birakattack,snew-classic-ui,UNKNOWN,0
1336,go1dfish,snew-classic-ui,UNKNOWN,0
1337,DEADB33F,snew-classic-ui,UNKNOWN,0
1338,wting,snew-classic-ui,UNKNOWN,0
1339,andytuba,snew-classic-ui,UNKNOWN,0
1340,joealcorn,snew-classic-ui,UNKNOWN,0
1341,pwildani,snew-classic-ui,UNKNOWN,0
1342,telaviv,snew-classic-ui,UNKNOWN,0
1343,curioussavage,snew-classic-ui,UNKNOWN,0
1344,weffey,snew-classic-ui,UNKNOWN,0
1345,briankiewel,snew-classic-ui,UNKNOWN,0
1346,rasher,snew-classic-ui,UNKNOWN,0
1347,jackniu1,snew-classic-ui,UNKNOWN,0
1348,gtaylor,snew-classic-ui,UNKNOWN,0
1349,kkress,snew-classic-ui,UNKNOWN,0
1350,tdohz,snew-classic-ui,UNKNOWN,0
1351,aperson,snew-classic-ui,UNKNOWN,0
1352,clexmond,snew-classic-ui,UNKNOWN,0
1353,dajohi,snew-classic-ui,UNKNOWN,0
1354,uzi,snew-classic-ui,UNKNOWN,0
1355,Pokechu22,snew-classic-ui,UNKNOWN,0
1356,prashtx,snew-classic-ui,UNKNOWN,0
1357,Tristanx,snew-classic-ui,UNKNOWN,0
1358,zeno-mcdohl,snew-classic-ui,UNKNOWN,0
1359,maxwellhansen,snew-classic-ui,UNKNOWN,0
1360,scarow,snew-classic-ui,UNKNOWN,0
1361,allthefoxes,snew-classic-ui,UNKNOWN,0
1362,talklittle,snew-classic-ui,UNKNOWN,0
1363,tuogex,snew-classic-ui,UNKNOWN,0
1364,CrypticCraig,snew-classic-ui,UNKNOWN,0
1365,lightswitch05,snew-classic-ui,UNKNOWN,0
1366,fernandoabolafio,snew-classic-ui,UNKNOWN,0
1367,pinwale,snew-classic-ui,UNKNOWN,0
1368,jkingsman,snew-classic-ui,UNKNOWN,0
1369,Jakeable,snew-classic-ui,UNKNOWN,0
1370,Kruithne,snew-classic-ui,UNKNOWN,0
1371,phil303,snew-classic-ui,UNKNOWN,0
1372,seanbudd,snew-classic-ui,UNKNOWN,0
1373,bl0ckeduser,snew-classic-ui,UNKNOWN,0
1374,corylulu,snew-classic-ui,UNKNOWN,0
1375,creesch,snew-classic-ui,UNKNOWN,0
1376,cswider,snew-classic-ui,UNKNOWN,0
1377,justcool393,snew-classic-ui,UNKNOWN,0
1378,listen2,snew-classic-ui,UNKNOWN,0
1379,westmaas,snew-classic-ui,UNKNOWN,0
1380,rolmos,snew-classic-ui,UNKNOWN,0
1381,jamesdaily,snew-classic-ui,UNKNOWN,0
1382,KTAtkinson,snew-classic-ui,UNKNOWN,0
1383,wal-f,snew-classic-ui,UNKNOWN,0
1384,enterprisey,snew-classic-ui,UNKNOWN,0
1385,aaronraimist,snew-classic-ui,UNKNOWN,0
1386,alastaircoote,snew-classic-ui,UNKNOWN,0
1387,alexmuller,snew-classic-ui,UNKNOWN,0
1388,a-p-o,snew-classic-ui,UNKNOWN,0
1389,eleweek,snew-classic-ui,UNKNOWN,0
1390,Damgaard,snew-classic-ui,UNKNOWN,0
1391,AuroraAri,snew-classic-ui,UNKNOWN,0
1392,adebray,snew-classic-ui,UNKNOWN,0
1393,avinashbot,snew-classic-ui,UNKNOWN,0
1394,namlede,snew-classic-ui,UNKNOWN,0
1395,newhouseb,snew-classic-ui,UNKNOWN,0
1396,bcarl,snew-classic-ui,UNKNOWN,0
1397,brunobraga95,snew-classic-ui,UNKNOWN,0
1398,raugturi,snew-classic-ui,UNKNOWN,0
1399,PHLAK,snew-classic-ui,UNKNOWN,0
1400,colindean,snew-classic-ui,UNKNOWN,0
1401,CrustyJew,snew-classic-ui,UNKNOWN,0
1402,Dakta,snew-classic-ui,UNKNOWN,0
1403,teaearlgraycold,snew-classic-ui,UNKNOWN,0
1404,kingllama,snew-classic-ui,UNKNOWN,0
1405,dkasper,snew-classic-ui,UNKNOWN,0
1406,yole,snew-classic-ui,UNKNOWN,0
1407,dkuznetsov,snew-classic-ui,UNKNOWN,0
1408,Dominoed,snew-classic-ui,UNKNOWN,0
1409,milkypostman,snew-classic-ui,UNKNOWN,0
1410,dustinpho,snew-classic-ui,UNKNOWN,0
1411,nanaya,snew-classic-ui,UNKNOWN,0
1412,TheEnigmaBlade,snew-classic-ui,UNKNOWN,0
1413,ekarulf,snew-classic-ui,UNKNOWN,0
1414,frafra,snew-classic-ui,UNKNOWN,0
1415,GrandfatherOfSaul,snew-classic-ui,UNKNOWN,0
1416,gg,snew-classic-ui,UNKNOWN,0
1417,GusGold,snew-classic-ui,UNKNOWN,0
1418,xiphirx,snew-classic-ui,UNKNOWN,0
1419,ilianaw,snew-classic-ui,UNKNOWN,0
1420,SmithsonianDSP,snew-classic-ui,UNKNOWN,0
1421,joliv,snew-classic-ui,UNKNOWN,0
1422,PhearTheCeal,snew-classic-ui,UNKNOWN,0
1423,ksnd,snew-classic-ui,UNKNOWN,0
1424,ysangkok,snew-classic-ui,UNKNOWN,0
1425,parsap,snew-classic-ui,UNKNOWN,0
1426,johndrinkwater,snew-classic-ui,UNKNOWN,0
1427,jeckhart,snew-classic-ui,UNKNOWN,0
1428,joshuaferrara,snew-classic-ui,UNKNOWN,0
1429,grevian,snew-classic-ui,UNKNOWN,0
1430,jdesfossez,snew-classic-ui,UNKNOWN,0
1431,kayzhu,snew-classic-ui,UNKNOWN,0
1432,KeenRivals,snew-classic-ui,UNKNOWN,0
1433,mc10,snew-classic-ui,UNKNOWN,0
1434,kevinsteck,snew-classic-ui,UNKNOWN,0
1435,rye,snew-classic-ui,UNKNOWN,0
1436,lawrencecraft,snew-classic-ui,UNKNOWN,0
1437,quijote,snew-classic-ui,UNKNOWN,0
1438,maticz,snew-classic-ui,UNKNOWN,0
1439,mattlilek,snew-classic-ui,UNKNOWN,0
1440,mttr,snew-classic-ui,UNKNOWN,0
1441,matthewrobertson,snew-classic-ui,UNKNOWN,0
1442,Matthew94,snew-classic-ui,UNKNOWN,0
1443,MaximRouiller,snew-classic-ui,UNKNOWN,0
1444,mtitolo,snew-classic-ui,UNKNOWN,0
1445,mssola,snew-classic-ui,UNKNOWN,0
1446,Mirclus,snew-classic-ui,UNKNOWN,0
1447,Mustek,snew-classic-ui,UNKNOWN,0
1448,nealpoole,snew-classic-ui,UNKNOWN,0
1449,agentlame,snew-classic-ui,UNKNOWN,0
1450,nelsonpecora,snew-classic-ui,UNKNOWN,0
1451,noamraph,snew-classic-ui,UNKNOWN,0
1452,rpicard,snew-classic-ui,UNKNOWN,0
1453,ownwaterloo,snew-classic-ui,UNKNOWN,0
1454,atiaxi,snew-classic-ui,UNKNOWN,0
1455,rtheunissen,snew-classic-ui,UNKNOWN,0
1456,zalalov,snew-classic-ui,UNKNOWN,0
1457,Gelob,snew-classic-ui,UNKNOWN,0
1458,sanilrocks,snew-classic-ui,UNKNOWN,0
1459,wjohnson5,snew-classic-ui,UNKNOWN,0
1460,screeley,snew-classic-ui,UNKNOWN,0
1461,sndurkin,snew-classic-ui,UNKNOWN,0
1462,sethwoodworth,snew-classic-ui,UNKNOWN,0
1463,stevewilber,snew-classic-ui,UNKNOWN,0
1464,strix-technica,snew-classic-ui,UNKNOWN,0
1465,sente,snew-classic-ui,UNKNOWN,0
1466,Superburke,snew-classic-ui,UNKNOWN,0
1467,Techwolfy,snew-classic-ui,UNKNOWN,0
1468,TheAppleFreak,snew-classic-ui,UNKNOWN,0
1469,thi4go,snew-classic-ui,UNKNOWN,0
1470,tojrobinson,snew-classic-ui,UNKNOWN,0
1471,victorgcramos,snew-classic-ui,UNKNOWN,0
1472,dredmorbius,snew-classic-ui,UNKNOWN,0
1473,elnuno,snew-classic-ui,UNKNOWN,0
1474,ethaksus,snew-classic-ui,UNKNOWN,0
1475,francis-liberty,snew-classic-ui,UNKNOWN,0
1476,frdmn,snew-classic-ui,UNKNOWN,0
1477,grandpaslab,snew-classic-ui,UNKNOWN,0
1478,honestbleeps,snew-classic-ui,UNKNOWN,0
1479,idonthack,snew-classic-ui,UNKNOWN,0
1480,jaflo,snew-classic-ui,UNKNOWN,0
1481,jo-asakura,snew-classic-ui,UNKNOWN,0
1482,jcs,snew-classic-ui,UNKNOWN,0
1483,klocatelli,snew-classic-ui,UNKNOWN,0
1484,lebeauc,snew-classic-ui,UNKNOWN,0
1485,morrisgn-zz,snew-classic-ui,UNKNOWN,0
1486,nekosune,snew-classic-ui,UNKNOWN,0
1487,p00rleno,snew-classic-ui,UNKNOWN,0
1488,penn300bb,snew-classic-ui,UNKNOWN,0
1489,rrmckinley,snew-classic-ui,UNKNOWN,0
1490,xPaw,snew-classic-ui,UNKNOWN,0
1491,sdt16,snew-classic-ui,UNKNOWN,0
1492,dajohi,testnetfaucet,UNKNOWN,0
1493,alexlyp,testnetfaucet,UNKNOWN,0
1494,jolan,testnetfaucet,UNKNOWN,0
1495,sndurkin,testnetfaucet,UNKNOWN,0
1496,karamble,testnetfaucet,UNKNOWN,0
1497,jrick,testnetfaucet,UNKNOWN,0
1498,tiagoalvesdulce,authit,2018-12-14 23:54,0
1499,fernandoabolafio,authit,2018-12-14 23:54,0
1500,vctt94,authit,2018-12-14 23:54,0
1501,dajohi,authit,2018-12-14 23:54,0
1502,logicminds,decred-binaries,2018-12-14 23:54,0
1503,hermanlim,decred-binaries,2018-12-14 23:54,1
1504,pvasin2,decred-seeder,2018-12-14 23:54,1
1505,Guang168,decrediton,2018-12-14 23:54,1
